{
  "w_rf": 0.49805252615179163,
  "w_lgb": 0.5019474738482083
}