Station_ID_encoded,Station_ID_encoded_AQI_mean,Station_ID_encoded_AQI_std,Station_ID_encoded_AQI_median,Station_ID_encoded_AQI_q25,Station_ID_encoded_AQI_q75
0,124.68297137638766,42.80668860468573,115.0,95.0,146.0
1,125.02967951827858,42.88941163640029,115.0,95.0,147.0
2,124.68220085043235,42.70051442693723,115.0,95.0,145.0
3,125.2945121429183,42.73326618292964,116.0,95.0,147.0
4,125.11592920353982,42.71312888880213,115.0,95.0,146.0
